-- phpMyAdmin SQL Dump
-- version 5.1.0
-- https://www.phpmyadmin.net/
--
-- Host: 127.0.0.1
-- Generation Time: Apr 01, 2022 at 05:13 AM
-- Server version: 10.4.18-MariaDB
-- PHP Version: 8.0.3

SET SQL_MODE = "NO_AUTO_VALUE_ON_ZERO";
START TRANSACTION;
SET time_zone = "+00:00";


/*!40101 SET @OLD_CHARACTER_SET_CLIENT=@@CHARACTER_SET_CLIENT */;
/*!40101 SET @OLD_CHARACTER_SET_RESULTS=@@CHARACTER_SET_RESULTS */;
/*!40101 SET @OLD_COLLATION_CONNECTION=@@COLLATION_CONNECTION */;
/*!40101 SET NAMES utf8mb4 */;

--
-- Database: `loan`
--

-- --------------------------------------------------------

--
-- Table structure for table `borrowers`
--

CREATE TABLE `borrowers` (
  `id` int(30) NOT NULL,
  `firstname` varchar(100) NOT NULL,
  `middlename` varchar(100) NOT NULL,
  `lastname` varchar(100) NOT NULL,
  `contact_no` varchar(30) NOT NULL,
  `address` text NOT NULL,
  `email` varchar(50) NOT NULL,
  `location` longtext NOT NULL,
  `tax_id` varchar(50) NOT NULL,
  `guarantor` text CHARACTER SET latin1 NOT NULL,
  `bankstatement` varchar(1500) CHARACTER SET latin1 NOT NULL,
  `date_created` int(11) NOT NULL
) ENGINE=InnoDB DEFAULT CHARSET=utf8mb4;

--
-- Dumping data for table `borrowers`
--

INSERT INTO `borrowers` (`id`, `firstname`, `middlename`, `lastname`, `contact_no`, `address`, `email`, `location`, `tax_id`, `guarantor`, `bankstatement`, `date_created`) VALUES
(1, 'John', 'C', 'Smith', '+16554 454654', 'Sample address', 'jsmith@sample.com', '12.52222 street', '789845-23', '', '', 0),
(3, 'Raila', 'Ngina', 'Odinga', '0782200300', '793', 'kananu@gmail.com', '12897-Helena Road', '3669', '', '', 0),
(4, 'Martha', 'Wairimu', 'Karua', '0796321455', '50250 Kirinyaga', 'karua@gmail.com', '1278.95 Kirinhyaga', '566213TRY', 'peterkenneth@gmail.com \r\n0741256321', '', 0),
(5, 'Musalia', 'Ken', 'Mudavadi', '078965321', '585 Kakamega', 'mudavadi@gmail.com', '12.5222 Helena', '3669', 'Halawale', '', 0),
(6, 'Vivian', 'Wairimu', 'Wachira', '0723569863', '793', 'vvivianwachira@gmail.com', '', '56936', '', '', 0),
(7, 'Ndegwa ', 'Karuiru', 'Alex', '0754389118', '897-1500', 'ndegwalex49@gmail.com', '596-Kk Road Kiambu', '8965123', 'Sister, Mary Gakomo, 078965321', '', 0);

-- --------------------------------------------------------

--
-- Table structure for table `contactus`
--

CREATE TABLE `contactus` (
  `contactid` int(50) NOT NULL,
  `Name` varchar(50) NOT NULL,
  `Phno` varchar(50) NOT NULL,
  `Email` varchar(50) NOT NULL,
  `Message` varchar(5000) NOT NULL
) ENGINE=InnoDB DEFAULT CHARSET=latin1;

--
-- Dumping data for table `contactus`
--

INSERT INTO `contactus` (`contactid`, `Name`, `Phno`, `Email`, `Message`) VALUES
(1, 'Mehar', '9501065206', 'mehar@gmail.com', 'We have read about the interest your advertisement in the times of India about the vacation trip. We will appreciate, if you kindly send the detailed information about the cost of the trip,the luggage wight, economy class and first class and etc. . The above information is required for our managing director who will like to enjoy the holiday trip along with his family.'),
(2, 'Japleen', '9915079133', 'japu@gmail.com', 'We have read about the interest your advertisement in the times of India about the vacation trip. We will appreciate, if you kindly send the detailed information about the cost of the trip,the luggage wight, economy class and first class and etc. . The above information is required for our managing director who will like to enjoy the holiday trip along with his family.'),
(3, 'Veena', '9815724956', 'veena12@gmail.com', 'We have read about the interest your advertisement in the times of India about the vacation trip. We will appreciate, if you kindly send the detailed information about the cost of the trip,the luggage wight, economy class and first class and etc. . The above information is required for our managing director who will like to enjoy the holiday trip along with his family.'),
(4, 'Sahil', '9814532456', 'Sahil@yahoo.com', 'We have read about the interest your advertisement in the times of India about the vacation trip. We will appreciate, if you kindly send the detailed information about the cost of the trip,the luggage wight, economy class and first class and etc. . The above information is required for our managing director who will like to enjoy the holiday trip along with his family.'),
(5, 'Varinder', '9812345234', 'vinnysharma@gmail.com', 'We have read about the interest your advertisement in the times of India about the vacation trip. We will appreciate, if you kindly send the detailed information about the cost of the trip,the luggage wight, economy class and first class and etc. . The above information is required for our managing director who will like to enjoy the holiday trip along with his family.');

-- --------------------------------------------------------

--
-- Table structure for table `loan_list`
--

CREATE TABLE `loan_list` (
  `id` int(30) NOT NULL,
  `ref_no` varchar(50) NOT NULL,
  `loan_type_id` int(30) NOT NULL,
  `borrower_id` int(30) NOT NULL,
  `purpose` text NOT NULL,
  `amount` double NOT NULL,
  `plan_id` int(30) NOT NULL,
  `status` tinyint(1) NOT NULL DEFAULT 0 COMMENT '0= request, 1= confrimed,2=released,3=complteted,4=denied\r\n',
  `date_released` datetime NOT NULL,
  `date_created` datetime NOT NULL DEFAULT current_timestamp() ON UPDATE current_timestamp()
) ENGINE=InnoDB DEFAULT CHARSET=utf8mb4;

--
-- Dumping data for table `loan_list`
--

INSERT INTO `loan_list` (`id`, `ref_no`, `loan_type_id`, `borrower_id`, `purpose`, `amount`, `plan_id`, `status`, `date_released`, `date_created`) VALUES
(3, '81409630', 1, 1, 'Sample Only', 100000, 1, 2, '2020-09-26 09:06:00', '2020-09-26 15:06:29'),
(4, '56297482', 1, 7, 'Personal ', 10000, 4, 2, '2022-03-31 21:02:00', '2022-03-31 22:02:48');

-- --------------------------------------------------------

--
-- Table structure for table `loan_plan`
--

CREATE TABLE `loan_plan` (
  `id` int(30) NOT NULL,
  `months` int(11) NOT NULL,
  `interest_percentage` float NOT NULL,
  `penalty_rate` int(11) NOT NULL,
  `processing_fee` int(150) NOT NULL DEFAULT 300
) ENGINE=InnoDB DEFAULT CHARSET=utf8mb4;

--
-- Dumping data for table `loan_plan`
--

INSERT INTO `loan_plan` (`id`, `months`, `interest_percentage`, `penalty_rate`, `processing_fee`) VALUES
(1, 36, 8, 3, 300),
(2, 24, 5, 2, 300),
(3, 27, 6, 2, 300),
(4, 1, 3, 5, 300);

-- --------------------------------------------------------

--
-- Table structure for table `loan_schedules`
--

CREATE TABLE `loan_schedules` (
  `id` int(30) NOT NULL,
  `loan_id` int(30) NOT NULL,
  `date_due` date NOT NULL
) ENGINE=InnoDB DEFAULT CHARSET=utf8mb4;

--
-- Dumping data for table `loan_schedules`
--

INSERT INTO `loan_schedules` (`id`, `loan_id`, `date_due`) VALUES
(2, 3, '2020-10-26'),
(3, 3, '2020-11-26'),
(4, 3, '2020-12-26'),
(5, 3, '2021-01-26'),
(6, 3, '2021-02-26'),
(7, 3, '2021-03-26'),
(8, 3, '2021-04-26'),
(9, 3, '2021-05-26'),
(10, 3, '2021-06-26'),
(11, 3, '2021-07-26'),
(12, 3, '2021-08-26'),
(13, 3, '2021-09-26'),
(14, 3, '2021-10-26'),
(15, 3, '2021-11-26'),
(16, 3, '2021-12-26'),
(17, 3, '2022-01-26'),
(18, 3, '2022-02-26'),
(19, 3, '2022-03-26'),
(20, 3, '2022-04-26'),
(21, 3, '2022-05-26'),
(22, 3, '2022-06-26'),
(23, 3, '2022-07-26'),
(24, 3, '2022-08-26'),
(25, 3, '2022-09-26'),
(26, 3, '2022-10-26'),
(27, 3, '2022-11-26'),
(28, 3, '2022-12-26'),
(29, 3, '2023-01-26'),
(30, 3, '2023-02-26'),
(31, 3, '2023-03-26'),
(32, 3, '2023-04-26'),
(33, 3, '2023-05-26'),
(34, 3, '2023-06-26'),
(35, 3, '2023-07-26'),
(36, 3, '2023-08-26'),
(37, 3, '2023-09-26'),
(38, 4, '2022-05-01');

-- --------------------------------------------------------

--
-- Table structure for table `loan_types`
--

CREATE TABLE `loan_types` (
  `id` int(30) NOT NULL,
  `type_name` text NOT NULL,
  `description` text NOT NULL
) ENGINE=InnoDB DEFAULT CHARSET=utf8mb4;

--
-- Dumping data for table `loan_types`
--

INSERT INTO `loan_types` (`id`, `type_name`, `description`) VALUES
(1, 'Small Business', 'Small Business Loans'),
(2, 'Mortgages', 'Mortgages'),
(3, 'Personal Loans', 'Personal Loans');

-- --------------------------------------------------------

--
-- Table structure for table `payments`
--

CREATE TABLE `payments` (
  `id` int(30) NOT NULL,
  `loan_id` int(30) NOT NULL,
  `payee` text NOT NULL,
  `amount` float NOT NULL DEFAULT 0,
  `penalty_amount` float NOT NULL DEFAULT 0,
  `overdue` tinyint(1) NOT NULL DEFAULT 0 COMMENT '0=no , 1 = yes',
  `date_created` datetime NOT NULL DEFAULT current_timestamp()
) ENGINE=InnoDB DEFAULT CHARSET=utf8mb4;

--
-- Dumping data for table `payments`
--

INSERT INTO `payments` (`id`, `loan_id`, `payee`, `amount`, `penalty_amount`, `overdue`, `date_created`) VALUES
(2, 3, 'Smith, John C', 3000, 90, 1, '2020-09-26 15:51:01'),
(14, 4, 'Alex Ndegwa Karuiru', 700, 515, 1, '2022-03-31 22:01:27');

-- --------------------------------------------------------

--
-- Table structure for table `users`
--

CREATE TABLE `users` (
  `id` int(30) NOT NULL,
  `doctor_id` int(30) NOT NULL,
  `name` varchar(200) NOT NULL,
  `address` text NOT NULL,
  `contact` text NOT NULL,
  `username` varchar(100) NOT NULL,
  `password` varchar(200) NOT NULL,
  `type` tinyint(1) NOT NULL DEFAULT 2 COMMENT '1=admin , 2 = staff'
) ENGINE=InnoDB DEFAULT CHARSET=utf8mb4;

--
-- Dumping data for table `users`
--

INSERT INTO `users` (`id`, `doctor_id`, `name`, `address`, `contact`, `username`, `password`, `type`) VALUES
(1, 0, 'Administrator', '', '', 'admin', 'admin123', 1),
(16, 0, 'fco', '', '', 'fco', 'fco', 2),
(17, 0, 'credit officer', '', '', 'credit officer', 'credit officer', 2),
(18, 0, 'Supervisor', '', '', 'supervisor', 'supervisor', 2);

--
-- Indexes for dumped tables
--

--
-- Indexes for table `borrowers`
--
ALTER TABLE `borrowers`
  ADD PRIMARY KEY (`id`);

--
-- Indexes for table `contactus`
--
ALTER TABLE `contactus`
  ADD PRIMARY KEY (`contactid`);

--
-- Indexes for table `loan_list`
--
ALTER TABLE `loan_list`
  ADD PRIMARY KEY (`id`);

--
-- Indexes for table `loan_plan`
--
ALTER TABLE `loan_plan`
  ADD PRIMARY KEY (`id`);

--
-- Indexes for table `loan_schedules`
--
ALTER TABLE `loan_schedules`
  ADD PRIMARY KEY (`id`);

--
-- Indexes for table `loan_types`
--
ALTER TABLE `loan_types`
  ADD PRIMARY KEY (`id`);

--
-- Indexes for table `payments`
--
ALTER TABLE `payments`
  ADD PRIMARY KEY (`id`);

--
-- Indexes for table `users`
--
ALTER TABLE `users`
  ADD PRIMARY KEY (`id`);

--
-- AUTO_INCREMENT for dumped tables
--

--
-- AUTO_INCREMENT for table `borrowers`
--
ALTER TABLE `borrowers`
  MODIFY `id` int(30) NOT NULL AUTO_INCREMENT, AUTO_INCREMENT=8;

--
-- AUTO_INCREMENT for table `contactus`
--
ALTER TABLE `contactus`
  MODIFY `contactid` int(50) NOT NULL AUTO_INCREMENT, AUTO_INCREMENT=6;

--
-- AUTO_INCREMENT for table `loan_list`
--
ALTER TABLE `loan_list`
  MODIFY `id` int(30) NOT NULL AUTO_INCREMENT, AUTO_INCREMENT=5;

--
-- AUTO_INCREMENT for table `loan_plan`
--
ALTER TABLE `loan_plan`
  MODIFY `id` int(30) NOT NULL AUTO_INCREMENT, AUTO_INCREMENT=5;

--
-- AUTO_INCREMENT for table `loan_schedules`
--
ALTER TABLE `loan_schedules`
  MODIFY `id` int(30) NOT NULL AUTO_INCREMENT, AUTO_INCREMENT=39;

--
-- AUTO_INCREMENT for table `loan_types`
--
ALTER TABLE `loan_types`
  MODIFY `id` int(30) NOT NULL AUTO_INCREMENT, AUTO_INCREMENT=4;

--
-- AUTO_INCREMENT for table `payments`
--
ALTER TABLE `payments`
  MODIFY `id` int(30) NOT NULL AUTO_INCREMENT, AUTO_INCREMENT=15;

--
-- AUTO_INCREMENT for table `users`
--
ALTER TABLE `users`
  MODIFY `id` int(30) NOT NULL AUTO_INCREMENT, AUTO_INCREMENT=19;
COMMIT;

/*!40101 SET CHARACTER_SET_CLIENT=@OLD_CHARACTER_SET_CLIENT */;
/*!40101 SET CHARACTER_SET_RESULTS=@OLD_CHARACTER_SET_RESULTS */;
/*!40101 SET COLLATION_CONNECTION=@OLD_COLLATION_CONNECTION */;
